County,Unnamed: 0,City,District Name,Number of High Schools,Number of Middle Schools,Number of Alternative Schools,Number of Primary Schools,Number of Total Schools,Rank,RankOf,RankStatewidePercentage,Zip Code,State_y,2016,2017,2018
Abbeville,149,Abbeville,Abbeville 60,3,1,0,5,9,6.0,82.0,92.68,29620, SC,31893,32937,34108
Aiken,150,Aiken,Aiken 01,10,12,0,21,43,34.0,82.0,58.54,29803, SC,39387,40893,42511
Alachua,199,Gainesville,Alachua,15,10,6,33,64,40.0,67.0,40.3,32601,FL,40608,42455,44390
Alamance,300,Burlington,Alamance-Burlington Schools,8,7,1,20,36,162.0,242.0,33.06,27217, NC,37317,38141,39342
Alcorn,127,Corinth,Corinth School District,1,1,0,1,3,61.0,129.0,52.71,38834, MS,33076,34364,36003
Alcorn,101,Corinth,Alcorn School District,5,2,0,3,10,31.0,129.0,75.97,38834, MS,33076,34364,36003
Alexander,301,Taylorsville,Alexander County Schools,1,2,1,7,11,68.0,242.0,71.9,28681, NC,34082,36178,37438
Alleghany,302,Sparta,Alleghany County Schools,1,0,0,3,4,77.0,242.0,68.18,28675, NC,36440,36949,37549
Allendale,151,Fairfax,Allendale 01,1,1,0,2,4,74.0,82.0,9.76,29827, SC,29642,31593,33237
Amite,102,Liberty,Amite County School District,2,0,0,1,3,120.0,129.0,6.98,39645, MS,30465,32432,33460
Anderson,274,Clinton,Clinton,0,0,0,3,3,43.0,140.0,69.29,37716, TN,39659,40106,41853
Anderson,152,Williamston,Anderson 01,3,3,0,8,14,3.0,82.0,96.34,29697, SC,37066,38391,39710
Anderson,152,Williamston,Anderson 01,3,3,0,8,14,3.0,82.0,96.34,29697, TN,39659,40106,41853
Anderson,153,Honea Path,Anderson 02,1,2,0,4,7,19.0,82.0,76.83,29654, SC,37066,38391,39710
Anderson,153,Honea Path,Anderson 02,1,2,0,4,7,19.0,82.0,76.83,29654, TN,39659,40106,41853
Anderson,154,Iva,Anderson 03,1,1,0,3,5,7.0,82.0,91.46,29655, SC,37066,38391,39710
Anderson,155,Pendleton,Anderson 04,1,1,0,4,6,4.0,82.0,95.12,29670, SC,37066,38391,39710
Anderson,156,Anderson,Anderson 05,4,4,0,13,21,22.0,82.0,73.17,29625, SC,37066,38391,39710
Anderson,156,Anderson,Anderson 05,4,4,0,13,21,22.0,82.0,73.17,29625, TN,39659,40106,41853
Anderson,253,Clinton,Anderson County,3,5,0,10,18,92.0,140.0,34.29,37716, SC,37066,38391,39710
Anderson,253,Clinton,Anderson County,3,5,0,10,18,92.0,140.0,34.29,37716, TN,39659,40106,41853
Anderson,274,Clinton,Clinton,0,0,0,3,3,43.0,140.0,69.29,37716, SC,37066,38391,39710
Anderson,154,Iva,Anderson 03,1,1,0,3,5,7.0,82.0,91.46,29655, TN,39659,40106,41853
Anderson,155,Pendleton,Anderson 04,1,1,0,4,6,4.0,82.0,95.12,29670, TN,39659,40106,41853
Anson,306,Wadesboro,Anson County Schools,3,1,0,6,10,174.0,242.0,28.1,28170, NC,31577,33531,34616
Appling,0,Baxley,Appling County,1,1,0,4,6,88.0,196.0,55.1,31513,GA,30860,32080,33268
Ashe,313,Jefferson,Ashe County Schools,1,1,1,3,6,45.0,242.0,81.4,28640, NC,34325,35368,36300
Atkinson,1,Pearson,Atkinson County,1,1,0,2,4,75.0,196.0,61.73,31642,GA,26599,28764,30511
Attala,104,Kosciusko,Attala County School District,3,0,0,2,5,85.0,129.0,34.11,39090, MS,32156,32603,33809
Autauga,62,Prattville,Autauga County,4,3,3,5,15,51.0,130.0,60.77,36067,AL,39561,40450,41618
Avery,316,Newland,Avery County Schools,3,2,1,5,11,76.0,242.0,68.6,28657, NC,33428,34942,36574
Bacon,3,Alma,Bacon County,1,1,0,2,4,85.0,196.0,56.63,31510,GA,31025,32775,33080
Baldwin,5,Milledgeville,Baldwin County,1,1,0,4,6,186.0,196.0,5.1,31061,AL,42907,43989,45596
Baldwin,63,Bay Minette,Baldwin County,10,10,1,23,44,23.0,130.0,82.31,36507,GA,30637,31950,33203
Baldwin,63,Bay Minette,Baldwin County,10,10,1,23,44,23.0,130.0,82.31,36507,AL,42907,43989,45596
Baldwin,5,Milledgeville,Baldwin County,1,1,0,4,6,186.0,196.0,5.1,31061,GA,30637,31950,33203
Bamberg,158,Bamberg,Bamberg 01,1,1,0,1,3,32.0,82.0,60.98,29003, SC,31047,31915,32858
Bamberg,159,Denmark,Bamberg 02,1,1,0,1,3,76.0,82.0,7.32,29042, SC,31047,31915,32858
Banks,6,Homer,Banks County,1,1,0,2,4,40.0,196.0,79.59,30547,GA,32945,35226,36276
Barbour,64,Clayton,Barbour County,1,0,0,2,3,130.0,130.0,0.0,36016,AL,31595,33048,35199
Barnwell,161,Williston,Barnwell 29,1,1,0,1,3,68.0,82.0,17.07,29853, SC,31489,32117,33363
Barnwell,162,Barnwell,Barnwell 45,1,2,0,1,4,58.0,82.0,29.27,29812, SC,31489,32117,33363
Barnwell,160,Blackville,Barnwell 19,1,0,0,1,2,64.0,82.0,21.95,29817, SC,31489,32117,33363
Barrow,7,Winder,Barrow County,2,4,0,9,15,61.0,196.0,68.88,30680,GA,34232,35560,36898
Bartow,27,Cartersville,Cartersville City,1,1,0,2,4,33.0,196.0,83.16,30120,GA,36124,36844,38298
Bartow,8,Cartersville,Bartow County,3,4,0,12,19,83.0,196.0,57.65,30120,GA,36124,36844,38298
Bay,201,Panama City,Bay,13,8,6,26,53,37.0,67.0,44.78,32401,FL,41019,41499,43231
Beaufort,318,Washington,Beaufort County Schools,5,2,0,7,14,139.0,242.0,42.56,27889, SC,52147,53766,56711
Beaufort,318,Washington,Beaufort County Schools,5,2,0,7,14,139.0,242.0,42.56,27889, NC,39151,40279,41643
Beaufort,164,Beaufort,Beaufort 01,8,5,0,20,33,23.0,82.0,71.95,29902, SC,52147,53766,56711
Beaufort,164,Beaufort,Beaufort 01,8,5,0,20,33,23.0,82.0,71.95,29902, NC,39151,40279,41643
Bedford,257,Shelbyville,Bedford County,3,3,0,8,14,124.0,140.0,11.43,37160, TN,35087,35799,37266
Ben Hill,9,Fitzgerald,Ben Hill County,1,1,0,2,4,176.0,196.0,10.2,31750,GA,29201,29877,31436
Benton,107,Ashland,Benton County School District,2,0,1,1,4,63.0,129.0,51.16,38603, MS,28097,29198,30285
Benton,107,Ashland,Benton County School District,2,0,1,1,4,63.0,129.0,51.16,38603, TN,31567,32715,33661
Benton,259,Camden,Benton County,3,1,1,3,8,79.0,140.0,43.57,38320, MS,28097,29198,30285
Benton,259,Camden,Benton County,3,1,1,3,8,79.0,140.0,43.57,38320, TN,31567,32715,33661
Berkeley,166,Moncks Corner,Berkeley 01,8,11,1,26,46,28.0,82.0,65.85,29461, SC,36813,38885,40415
Berrien,10,Nashville,Berrien County,2,1,0,2,5,41.0,196.0,79.08,31639,GA,28453,30179,31535
Bertie,319,Windsor,Bertie County Schools,2,1,0,4,7,188.0,242.0,22.31,27983, NC,32116,33839,34766
Bibb,67,Centreville,Bibb County,3,2,0,4,9,86.0,130.0,33.85,35042,GA,38687,39928,41709
Bibb,48,Macon,Commission Charter Schools- Cirrus Charter Academy,0,0,0,1,1,195.0,196.0,0.51,31204,GA,38687,39928,41709
Bibb,11,Macon,Bibb County,6,7,1,22,36,162.0,196.0,17.35,31201,GA,38687,39928,41709
Bibb,11,Macon,Bibb County,6,7,1,22,36,162.0,196.0,17.35,31201,AL,28799,29081,30254
Bibb,67,Centreville,Bibb County,3,2,0,4,9,86.0,130.0,33.85,35042,AL,28799,29081,30254
Bibb,48,Macon,Commission Charter Schools- Cirrus Charter Academy,0,0,0,1,1,195.0,196.0,0.51,31204,AL,28799,29081,30254
Bladen,322,Elizabethtown,Bladen County Schools,2,4,1,6,13,190.0,242.0,21.49,28337, NC,32273,33917,34306
Bleckley,12,Cochran,Bleckley County,2,1,0,2,5,16.0,196.0,91.84,31014,GA,31002,32278,33672
Bledsoe,260,Pikeville,Bledsoe County,1,1,0,3,5,108.0,140.0,22.86,37367, TN,24290,25154,26281
Blount,69,Oneonta,Blount County,6,1,4,6,17,55.0,130.0,57.69,35121,AL,32389,33533,34976
Blount,69,Oneonta,Blount County,6,1,4,6,17,55.0,130.0,57.69,35121, TN,39912,41190,42991
Blount,251,Alcoa,Alcoa,1,1,0,2,4,31.0,140.0,77.86,37701,AL,32389,33533,34976
Blount,251,Alcoa,Alcoa,1,1,0,2,4,31.0,140.0,77.86,37701, TN,39912,41190,42991
Blount,261,Maryville,Blount County,2,2,2,16,22,78.0,140.0,44.29,37803,AL,32389,33533,34976
Blount,261,Maryville,Blount County,2,2,2,16,22,78.0,140.0,44.29,37803, TN,39912,41190,42991
Bolivar,119,Cleveland,Cleveland School District,2,1,0,6,9,92.0,129.0,28.68,38732, MS,35451,36104,38213
Bradford,202,Starke,Bradford,3,1,0,8,12,58.0,67.0,13.43,32091,FL,31464,32876,33557
Bradley,263,Cleveland,Bradley County,4,2,0,11,17,53.0,140.0,62.14,37311, TN,37423,37766,39099
Bradley,273,Cleveland,Cleveland,1,1,0,6,8,96.0,140.0,31.43,37312, TN,37423,37766,39099
Brantley,13,Nahunta,Brantley County,1,3,0,3,7,29.0,187.0,84.49,31553,GA,26424,26353,27413
Brevard,203,Viera,Brevard,24,12,7,70,113,18.0,67.0,73.13,32940,FL,41793,43371,45425
Brooks,15,Quitman,Brooks County,2,1,0,3,6,178.0,196.0,9.18,31643,GA,32586,33137,34944
Broward,204,Fort Lauderdale,Broward,63,48,15,202,328,34.0,67.0,49.25,33301,FL,46394,47977,50269
Brunswick,326,Bolivia,Brunswick County Schools,5,4,0,10,19,111.0,242.0,54.13,28422, NC,40295,41619,42749
Bryan,16,Pembroke,Bryan County,2,2,0,6,10,48.0,196.0,75.51,31321,GA,49828,50022,52456
Bulloch,18,Statesboro,Bulloch County,3,3,0,9,15,79.0,196.0,59.69,30458,GA,30191,30825,32382
Bulloch,47,Statesboro,Commission Charter Schools- CCAT School,1,0,0,0,1,60.0,196.0,69.39,30458,GA,30191,30825,32382
Bullock,76,Union Springs,Bullock County,2,1,0,1,4,125.0,130.0,3.85,36089,AL,26655,27442,28797
Buncombe,327,Asheville,Buncombe County Schools,10,11,0,23,44,90.0,242.0,62.81,28806, NC,44412,46143,48592
Buncombe,315,Asheville,Asheville City Schools,2,2,0,6,10,62.0,242.0,74.38,28801, NC,44412,46143,48592
Buncombe,311,Swannanoa,ArtSpace Charter,0,0,0,1,1,43.0,242.0,82.23,28778, NC,44412,46143,48592
Burke,19,Waynesboro,Burke County,1,1,0,3,5,157.0,196.0,19.9,30830,GA,33580,34394,35524
Burke,19,Waynesboro,Burke County,1,1,0,3,5,157.0,196.0,19.9,30830, NC,32359,33747,35265
Burke,328,Morganton,Burke County Schools,6,5,1,14,26,94.0,242.0,61.16,28655,GA,33580,34394,35524
Burke,328,Morganton,Burke County Schools,6,5,1,14,26,94.0,242.0,61.16,28655, NC,32359,33747,35265
Butler,77,Greenville,Butler County,2,1,2,2,7,109.0,130.0,16.15,36037,AL,33501,34733,36450
Butts,20,Jackson,Butts County,1,1,0,3,5,144.0,196.0,26.53,30233,GA,31207,32818,34297
Cabarrus,330,Concord,Cabarrus County Schools,10,8,1,20,39,97.0,242.0,59.92,28025, NC,42529,43546,45220
Cabarrus,299,Harrisburg,A.C.E. Academy,0,0,0,1,1,207.0,242.0,14.46,28075, NC,42529,43546,45220
Caldwell,331,Lenoir,Caldwell County Schools,6,4,0,16,26,108.0,242.0,55.37,28645, LA,31621,32616,33950
Caldwell,331,Lenoir,Caldwell County Schools,6,4,0,16,26,108.0,242.0,55.37,28645, NC,32272,33792,35374
Calhoun,167,Saint Matthews,Calhoun 01,1,0,0,2,3,50.0,82.0,39.02,29135, MS,31045,32079,33043
Calhoun,111,Pittsboro,Calhoun County School District,4,2,0,3,9,56.0,129.0,56.59,38951,FL,25059,25901,26873
Calhoun,167,Saint Matthews,Calhoun 01,1,0,0,2,3,50.0,82.0,39.02,29135,FL,25059,25901,26873
Calhoun,167,Saint Matthews,Calhoun 01,1,0,0,2,3,50.0,82.0,39.02,29135,AL,34774,35721,37120
Calhoun,167,Saint Matthews,Calhoun 01,1,0,0,2,3,50.0,82.0,39.02,29135, SC,35244,37199,38451
Calhoun,111,Pittsboro,Calhoun County School District,4,2,0,3,9,56.0,129.0,56.59,38951, SC,35244,37199,38451
Calhoun,111,Pittsboro,Calhoun County School District,4,2,0,3,9,56.0,129.0,56.59,38951, MS,31045,32079,33043
Calhoun,205,Blountstown,Calhoun,1,1,5,2,9,11.0,67.0,83.58,32424,AL,34774,35721,37120
Calhoun,205,Blountstown,Calhoun,1,1,5,2,9,11.0,67.0,83.58,32424,FL,25059,25901,26873
Calhoun,205,Blountstown,Calhoun,1,1,5,2,9,11.0,67.0,83.58,32424,GA,22951,24763,24638
Calhoun,205,Blountstown,Calhoun,1,1,5,2,9,11.0,67.0,83.58,32424, MS,31045,32079,33043
Calhoun,205,Blountstown,Calhoun,1,1,5,2,9,11.0,67.0,83.58,32424, SC,35244,37199,38451
Calhoun,111,Pittsboro,Calhoun County School District,4,2,0,3,9,56.0,129.0,56.59,38951,GA,22951,24763,24638
Calhoun,167,Saint Matthews,Calhoun 01,1,0,0,2,3,50.0,82.0,39.02,29135,GA,22951,24763,24638
Calhoun,111,Pittsboro,Calhoun County School District,4,2,0,3,9,56.0,129.0,56.59,38951,AL,34774,35721,37120
Calhoun,57,Anniston,Anniston City,2,1,0,4,7,115.0,130.0,11.54,36206, SC,35244,37199,38451
Calhoun,78,Anniston,Calhoun County,8,3,1,7,19,46.0,130.0,64.62,36206, MS,31045,32079,33043
Calhoun,22,Morgan,Calhoun County,1,1,0,1,3,190.0,196.0,3.06,39866,AL,34774,35721,37120
Calhoun,78,Anniston,Calhoun County,8,3,1,7,19,46.0,130.0,64.62,36206, SC,35244,37199,38451
Calhoun,22,Morgan,Calhoun County,1,1,0,1,3,190.0,196.0,3.06,39866,GA,22951,24763,24638
Calhoun,22,Morgan,Calhoun County,1,1,0,1,3,190.0,196.0,3.06,39866, MS,31045,32079,33043
Calhoun,22,Morgan,Calhoun County,1,1,0,1,3,190.0,196.0,3.06,39866, SC,35244,37199,38451
Calhoun,57,Anniston,Anniston City,2,1,0,4,7,115.0,130.0,11.54,36206,AL,34774,35721,37120
Calhoun,22,Morgan,Calhoun County,1,1,0,1,3,190.0,196.0,3.06,39866,FL,25059,25901,26873
Calhoun,57,Anniston,Anniston City,2,1,0,4,7,115.0,130.0,11.54,36206,GA,22951,24763,24638
Calhoun,57,Anniston,Anniston City,2,1,0,4,7,115.0,130.0,11.54,36206, MS,31045,32079,33043
Calhoun,57,Anniston,Anniston City,2,1,0,4,7,115.0,130.0,11.54,36206,FL,25059,25901,26873
Calhoun,78,Anniston,Calhoun County,8,3,1,7,19,46.0,130.0,64.62,36206,GA,22951,24763,24638
Calhoun,78,Anniston,Calhoun County,8,3,1,7,19,46.0,130.0,64.62,36206,AL,34774,35721,37120
Calhoun,78,Anniston,Calhoun County,8,3,1,7,19,46.0,130.0,64.62,36206,FL,25059,25901,26873
Camden,332,Camden,Camden County Schools,2,2,0,1,5,54.0,199.0,72.86,27921,GA,33737,34832,36113
Camden,332,Camden,Camden County Schools,2,2,0,1,5,54.0,199.0,72.86,27921, NC,43184,43656,45335
Camden,23,Kingsland,Camden County,1,2,0,9,12,13.0,196.0,93.37,31548,GA,33737,34832,36113
Camden,23,Kingsland,Camden County,1,2,0,9,12,13.0,196.0,93.37,31548, NC,43184,43656,45335
Campbell,265,Jacksboro,Campbell County,5,2,1,7,15,129.0,140.0,7.86,37757, TN,31847,32569,33967
Candler,24,Metter,Candler County,1,1,0,1,3,120.0,196.0,38.78,30439,GA,27914,30023,31385
Cannon,266,Woodbury,Cannon County,1,0,0,6,7,112.0,140.0,20.0,37190, TN,34023,34664,36113
Carroll,113,Carrollton,Carroll County School District,1,0,0,1,2,101.0,129.0,21.71,38917, MS,34877,36056,37615
Carroll,113,Carrollton,Carroll County School District,1,0,0,1,2,101.0,129.0,21.71,38917,GA,35682,36814,38571
Carroll,26,Carrollton,Carrollton City,1,2,0,1,4,63.0,196.0,67.86,30117, TN,34125,34777,35900
Carroll,26,Carrollton,Carrollton City,1,2,0,1,4,63.0,196.0,67.86,30117, MS,34877,36056,37615
Carroll,26,Carrollton,Carrollton City,1,2,0,1,4,63.0,196.0,67.86,30117,GA,35682,36814,38571
Carroll,25,Carrollton,Carroll County,6,6,0,12,24,35.0,196.0,82.14,30116, TN,34125,34777,35900
Carroll,25,Carrollton,Carroll County,6,6,0,12,24,35.0,196.0,82.14,30116, MS,34877,36056,37615
Carroll,25,Carrollton,Carroll County,6,6,0,12,24,35.0,196.0,82.14,30116,GA,35682,36814,38571
Carroll,113,Carrollton,Carroll County School District,1,0,0,1,2,101.0,129.0,21.71,38917, TN,34125,34777,35900
Carter,268,Elizabethton,Carter County,5,1,1,8,15,90.0,140.0,35.71,37643, TN,32095,33088,34579
Carter,287,Elizabethton,Elizabethton,1,1,0,3,5,19.0,140.0,86.43,37643, TN,32095,33088,34579
Carteret,338,Beaufort,Carteret County Public Schools,4,4,1,9,18,38.0,242.0,84.3,28516, NC,46800,47248,49360
Caswell,340,Yanceyville,Caswell County Schools,1,1,0,4,6,186.0,242.0,23.14,27379, NC,33394,34566,35591
Catawba,342,Newton,Catawba County Schools,6,5,1,16,28,80.0,242.0,66.94,28658, NC,41748,43318,45342
Catoosa,28,Ringgold,Catoosa County,3,3,0,10,16,54.0,196.0,72.45,30736,GA,33115,34048,35158
Chambers,79,Lafayette,Chambers County,3,2,0,6,11,101.0,130.0,22.31,36862,AL,32470,32583,33859
Charleston,168,Charleston,Charleston 01,15,12,1,54,82,38.0,82.0,53.66,29401, SC,55573,58588,61477
Charlotte,206,Port Charlotte,Charlotte,8,4,2,12,26,25.0,67.0,62.69,33948,FL,39292,39868,41564
Charlton,29,Folkston,Charlton County,1,1,0,2,4,86.0,196.0,56.12,31537,GA,23420,24489,24976
Chattahoochee,30,Cusseta,Chattahoochee County,1,1,0,1,3,82.0,196.0,58.16,31805,GA,30210,30926,31115
Chattooga,31,Summerville,Chattooga County,1,1,1,3,6,112.0,196.0,42.86,30747,GA,28538,29836,30946
Cheatham,269,Ashland City,Cheatham County,3,3,1,6,13,74.0,140.0,47.14,37015, TN,40779,41769,43932
Cherokee,32,Canton,Cherokee County,6,7,0,23,36,23.0,196.0,88.27,30114,AL,32826,33852,35505
Cherokee,32,Canton,Cherokee County,6,7,0,23,36,23.0,196.0,88.27,30114,GA,47813,49084,51137
Cherokee,32,Canton,Cherokee County,6,7,0,23,36,23.0,196.0,88.27,30114, SC,30534,31686,33197
Cherokee,170,Gaffney,Cherokee 01,3,4,0,12,19,51.0,82.0,37.8,29341,GA,47813,49084,51137
Cherokee,80,Centre,Cherokee County,2,1,4,1,8,71.0,130.0,45.38,35960,GA,47813,49084,51137
Cherokee,170,Gaffney,Cherokee 01,3,4,0,12,19,51.0,82.0,37.8,29341,AL,32826,33852,35505
Cherokee,80,Centre,Cherokee County,2,1,4,1,8,71.0,130.0,45.38,35960,AL,32826,33852,35505
Cherokee,170,Gaffney,Cherokee 01,3,4,0,12,19,51.0,82.0,37.8,29341, NC,30122,31101,32266
Cherokee,170,Gaffney,Cherokee 01,3,4,0,12,19,51.0,82.0,37.8,29341, SC,30534,31686,33197
Cherokee,32,Canton,Cherokee County,6,7,0,23,36,23.0,196.0,88.27,30114, NC,30122,31101,32266
Cherokee,80,Centre,Cherokee County,2,1,4,1,8,71.0,130.0,45.38,35960, NC,30122,31101,32266
Cherokee,80,Centre,Cherokee County,2,1,4,1,8,71.0,130.0,45.38,35960, SC,30534,31686,33197
Chester,171,Chester,Chester 01,4,2,0,6,12,62.0,82.0,24.39,29706, TN,31868,32532,33642
Chester,270,Henderson,Chester County,1,1,0,4,6,20.0,140.0,85.71,38340, SC,31277,32650,34014
Chester,171,Chester,Chester 01,4,2,0,6,12,62.0,82.0,24.39,29706, SC,31277,32650,34014
Chester,270,Henderson,Chester County,1,1,0,4,6,20.0,140.0,85.71,38340, TN,31868,32532,33642
Chesterfield,172,Chesterfield,Chesterfield 01,4,3,0,9,16,41.0,82.0,50.0,29709, SC,28336,29480,31012
Chilton,82,Clanton,Chilton County,4,3,4,3,14,100.0,130.0,23.08,35045,AL,32204,33416,34798
Choctaw,115,Ackerman,Choctaw County School District,2,0,0,3,5,42.0,129.0,67.44,39735, MS,31526,31949,33646
Choctaw,83,Butler,Choctaw County,2,0,0,2,4,116.0,130.0,10.77,36904,AL,35676,36603,39280
Choctaw,83,Butler,Choctaw County,2,0,0,2,4,116.0,130.0,10.77,36904, MS,31526,31949,33646
Choctaw,115,Ackerman,Choctaw County School District,2,0,0,3,5,42.0,129.0,67.44,39735,AL,35676,36603,39280
Citrus,207,Inverness,Citrus,7,5,2,11,25,24.0,67.0,64.18,34450,FL,35856,36614,37920
Claiborne,271,Tazewell,Claiborne County,3,2,0,8,13,102.0,140.0,27.14,37879, MS,29275,30364,31494
Claiborne,271,Tazewell,Claiborne County,3,2,0,8,13,102.0,140.0,27.14,37879, TN,33140,33910,35384
Claiborne,116,Port Gibson,Claiborne County School District,2,2,0,1,5,116.0,134.0,13.43,39150, TN,33140,33910,35384
Claiborne,116,Port Gibson,Claiborne County School District,2,2,0,1,5,116.0,134.0,13.43,39150, MS,29275,30364,31494
Claiborne,116,Port Gibson,Claiborne County School District,2,2,0,1,5,116.0,134.0,13.43,39150, LA,32376,33643,35240
Claiborne,271,Tazewell,Claiborne County,3,2,0,8,13,102.0,140.0,27.14,37879, LA,32376,33643,35240
Clarendon,175,Turbeville,Clarendon 03,1,0,0,1,2,18.0,82.0,78.05,29162, SC,30846,31979,33197
Clarendon,174,Manning,Clarendon 02,2,2,0,2,6,69.0,82.0,15.85,29102, SC,30846,31979,33197
Clarendon,173,Summerton,Clarendon 01,1,1,0,2,4,71.0,82.0,13.41,29148, SC,30846,31979,33197
Clarke,133,Enterprise,Enterprise School District,1,1,0,1,3,3.0,129.0,97.67,39330,AL,34436,34777,36361
Clarke,35,Athens,Clarke County,3,4,0,14,21,146.0,196.0,25.51,30606,AL,34436,34777,36361
Clarke,35,Athens,Clarke County,3,4,0,14,21,146.0,196.0,25.51,30606,GA,31736,32419,33970
Clarke,84,Grove Hill,Clarke County,2,2,0,3,7,95.0,130.0,26.92,36451,AL,34436,34777,36361
Clarke,35,Athens,Clarke County,3,4,0,14,21,146.0,196.0,25.51,30606, MS,34660,35268,36431
Clarke,84,Grove Hill,Clarke County,2,2,0,3,7,95.0,130.0,26.92,36451,GA,31736,32419,33970
Clarke,84,Grove Hill,Clarke County,2,2,0,3,7,95.0,130.0,26.92,36451, MS,34660,35268,36431
Clarke,133,Enterprise,Enterprise School District,1,1,0,1,3,3.0,129.0,97.67,39330, MS,34660,35268,36431
Clarke,133,Enterprise,Enterprise School District,1,1,0,1,3,3.0,129.0,97.67,39330,GA,31736,32419,33970
Clay,36,Fort Gaines,Clay County,0,1,0,1,2,189.0,196.0,3.57,31751, NC,32085,32611,34057
Clay,36,Fort Gaines,Clay County,0,1,0,1,2,189.0,196.0,3.57,31751,GA,29216,29492,31520
Clay,36,Fort Gaines,Clay County,0,1,0,1,2,189.0,196.0,3.57,31751,FL,40743,41374,42909
Clay,272,Celina,Clay County,2,0,0,2,4,95.0,140.0,32.14,38551, NC,32085,32611,34057
Clay,36,Fort Gaines,Clay County,0,1,0,1,2,189.0,196.0,3.57,31751,AL,31149,32017,33530
Clay,36,Fort Gaines,Clay County,0,1,0,1,2,189.0,196.0,3.57,31751, MS,35872,37625,39191
Clay,272,Celina,Clay County,2,0,0,2,4,95.0,140.0,32.14,38551,AL,31149,32017,33530
Clay,208,Green Cove Springs,Clay,11,6,7,28,52,12.0,67.0,82.09,32043, TN,28819,30471,31013
Clay,85,Ashland,Clay County,1,1,0,2,4,87.0,130.0,33.08,36251,FL,40743,41374,42909
Clay,208,Green Cove Springs,Clay,11,6,7,28,52,12.0,67.0,82.09,32043, NC,32085,32611,34057
Clay,208,Green Cove Springs,Clay,11,6,7,28,52,12.0,67.0,82.09,32043, MS,35872,37625,39191
Clay,208,Green Cove Springs,Clay,11,6,7,28,52,12.0,67.0,82.09,32043,GA,29216,29492,31520
Clay,208,Green Cove Springs,Clay,11,6,7,28,52,12.0,67.0,82.09,32043,FL,40743,41374,42909
Clay,208,Green Cove Springs,Clay,11,6,7,28,52,12.0,67.0,82.09,32043,AL,31149,32017,33530
Clay,85,Ashland,Clay County,1,1,0,2,4,87.0,130.0,33.08,36251, TN,28819,30471,31013
Clay,36,Fort Gaines,Clay County,0,1,0,1,2,189.0,196.0,3.57,31751, TN,28819,30471,31013
Clay,85,Ashland,Clay County,1,1,0,2,4,87.0,130.0,33.08,36251, NC,32085,32611,34057
Clay,272,Celina,Clay County,2,0,0,2,4,95.0,140.0,32.14,38551,FL,40743,41374,42909
Clay,272,Celina,Clay County,2,0,0,2,4,95.0,140.0,32.14,38551,GA,29216,29492,31520
Clay,272,Celina,Clay County,2,0,0,2,4,95.0,140.0,32.14,38551, MS,35872,37625,39191
Clay,85,Ashland,Clay County,1,1,0,2,4,87.0,130.0,33.08,36251, MS,35872,37625,39191
Clay,85,Ashland,Clay County,1,1,0,2,4,87.0,130.0,33.08,36251,GA,29216,29492,31520
Clay,272,Celina,Clay County,2,0,0,2,4,95.0,140.0,32.14,38551, TN,28819,30471,31013
Clay,85,Ashland,Clay County,1,1,0,2,4,87.0,130.0,33.08,36251,AL,31149,32017,33530
Clayton,37,Jonesboro,Clayton County,12,15,0,38,65,168.0,196.0,14.29,30236,GA,26702,27058,28020
Cleburne,86,Heflin,Cleburne County,4,1,0,4,9,33.0,130.0,74.62,36264,AL,33708,34862,36159
Clinch,38,Homerville,Clinch County,1,1,0,1,3,154.0,196.0,21.43,31634,GA,35716,36580,37548
Coahoma,118,Clarksdale,Clarksdale Municipal School District,2,2,1,4,9,119.0,129.0,7.75,38614, MS,33335,32818,33915
Coahoma,122,Clarksdale,Coahoma Early College,1,0,0,0,1,126.0,129.0,2.33,38614, MS,33335,32818,33915
Coahoma,121,Clarksdale,Coahoma County School District,1,0,0,4,5,110.0,129.0,14.73,38614, MS,33335,32818,33915
Cobb,40,Marietta,Cobb County,17,26,0,68,111,44.0,196.0,77.55,30061,GA,51457,54559,57162
Cocke,275,Newport,Cocke County,3,0,2,7,12,88.0,140.0,37.14,37821, TN,30282,30637,31942
Coffee,276,Manchester,Coffee County,2,1,1,6,10,64.0,140.0,54.29,37355, TN,36771,37323,38656
Coffee,276,Manchester,Coffee County,2,1,1,6,10,64.0,140.0,54.29,37355,GA,29215,30988,32644
Coffee,276,Manchester,Coffee County,2,1,1,6,10,64.0,140.0,54.29,37355,AL,40386,41268,43094
Coffee,87,Elba,Coffee County,1,0,2,1,4,40.0,130.0,69.23,36323,GA,29215,30988,32644
Coffee,87,Elba,Coffee County,1,0,2,1,4,40.0,130.0,69.23,36323,AL,40386,41268,43094
Coffee,41,Douglas,Coffee County,2,1,1,8,12,90.0,196.0,54.08,31533,AL,40386,41268,43094
Coffee,41,Douglas,Coffee County,2,1,1,8,12,90.0,196.0,54.08,31533,GA,29215,30988,32644
Coffee,87,Elba,Coffee County,1,0,2,1,4,40.0,130.0,69.23,36323, TN,36771,37323,38656
Coffee,41,Douglas,Coffee County,2,1,1,8,12,90.0,196.0,54.08,31533, TN,36771,37323,38656
Colbert,88,Tuscumbia,Colbert County,3,0,0,5,8,93.0,130.0,28.46,35674,AL,36289,37073,38378
Colleton,177,Walterboro,Colleton 01,2,1,0,6,9,75.0,82.0,8.54,29488, SC,33068,34184,35697
Collier,209,Naples,Collier,18,13,6,33,70,21.0,67.0,68.66,34109,FL,83659,87092,92686
Colquitt,42,Moultrie,Colquitt County,2,1,1,10,14,151.0,196.0,22.96,31768,GA,30034,31859,32526
Columbia,210,Lake City,Columbia,6,2,3,10,21,16.0,67.0,76.12,32055,FL,32408,33658,35074
Columbia,43,Evans,Columbia County,5,8,0,18,31,22.0,196.0,88.78,30809,GA,46821,47688,49473
Columbia,43,Evans,Columbia County,5,8,0,18,31,22.0,196.0,88.78,30809,FL,32408,33658,35074
Columbia,210,Lake City,Columbia,6,2,3,10,21,16.0,67.0,76.12,32055,GA,46821,47688,49473
Conecuh,90,Evergreen,Conecuh County,2,1,1,4,8,103.0,130.0,20.77,36401,AL,30308,31267,32656
Coosa,91,Rockford,Coosa County,2,0,0,1,3,108.0,130.0,16.92,35136,AL,29174,29926,31328
Copiah,147,Hazlehurst,Hazlehurst City School District,1,1,0,1,3,116.0,129.0,10.08,39083, MS,31247,32250,33203
Copiah,126,Hazlehurst,Copiah County School District,1,1,1,1,4,79.0,129.0,38.76,39083, MS,31247,32250,33203
Covington,92,Andalusia,Covington County,3,1,1,4,9,47.0,130.0,63.85,36421, MS,31064,34699,35748
Covington,128,Collins,Covington County School District,3,2,2,3,10,89.0,129.0,31.01,39428, MS,31064,34699,35748
Covington,128,Collins,Covington County School District,3,2,2,3,10,89.0,129.0,31.01,39428,AL,33014,34393,35651
Covington,92,Andalusia,Covington County,3,1,1,4,9,47.0,130.0,63.85,36421,AL,33014,34393,35651
Covington,56,Andalusia,Andalusia City,1,1,0,1,3,34.0,130.0,73.85,36421, MS,31064,34699,35748
Covington,56,Andalusia,Andalusia City,1,1,0,1,3,34.0,130.0,73.85,36421,AL,33014,34393,35651
Coweta,49,Senoia,Commission Charter Schools- Coweta Charter Academy,0,0,0,1,1,12.0,196.0,93.88,30276,GA,43253,44612,46438
Crockett,278,Alamo,Crockett County,1,1,0,3,5,91.0,140.0,35.0,38001, TN,34677,34675,36560
Crockett,258,Bells,Bells,0,0,0,1,1,21.0,140.0,85.0,38006, TN,34677,34675,36560
Crockett,250,Alamo,Alamo,0,0,0,1,1,10.0,140.0,92.86,38001, TN,34677,34675,36560
Cullman,94,Cullman,Cullman City,2,1,1,3,7,8.0,130.0,93.85,35055,AL,36649,38158,39607
Cullman,95,Cullman,Cullman County,9,6,1,12,28,36.0,130.0,72.31,35055,AL,36649,38158,39607
Cumberland,279,Crossville,Cumberland County,3,0,0,9,12,54.0,140.0,61.43,38555, NC,35954,36990,38780
Cumberland,279,Crossville,Cumberland County,3,0,0,9,12,54.0,140.0,61.43,38555, TN,34810,35518,36613
Dale,96,Ozark,Dale County,2,1,1,3,7,22.0,130.0,83.08,36360,AL,34492,35200,36613
Dale,97,Daleville,Daleville City,1,0,0,1,2,111.0,130.0,14.62,36322,AL,34492,35200,36613
Dallas,98,Selma,Dallas County,4,2,0,6,12,113.0,130.0,13.08,36701,AL,33454,34282,36026
Darlington,178,Darlington,Darlington 01,5,3,0,14,22,39.0,82.0,52.44,29532, SC,34273,35965,37475
Davidson,280,Nashville,Davidson County,30,46,4,89,169,126.0,140.0,10.0,37204, NC,36441,37867,39087
Davidson,280,Nashville,Davidson County,30,46,4,89,169,126.0,140.0,10.0,37204, TN,59135,62876,66060
Davidson,249,Nashville,Achievement School District,5,9,0,16,30,140.0,140.0,0.0,37243, NC,36441,37867,39087
Davidson,249,Nashville,Achievement School District,5,9,0,16,30,140.0,140.0,0.0,37243, TN,59135,62876,66060
DeKalb,283,Smithville,DeKalb County,2,1,0,3,6,69.0,140.0,50.71,37166, TN,37704,38125,40132
DeKalb,283,Smithville,DeKalb County,2,1,0,3,6,69.0,140.0,50.71,37166,GA,45522,48557,50871
DeKalb,283,Smithville,DeKalb County,2,1,0,3,6,69.0,140.0,50.71,37166,AL,29446,30682,31916
DeSoto,212,Arcadia,Desoto,1,1,5,4,11,67.0,67.0,0.0,34266, MS,38168,39022,40702
DeSoto,129,Hernando,Desoto County School District,10,8,1,22,41,22.0,129.0,82.95,38632,FL,23274,23869,23610
DeSoto,212,Arcadia,Desoto,1,1,5,4,11,67.0,67.0,0.0,34266,FL,23274,23869,23610
DeSoto,129,Hernando,Desoto County School District,10,8,1,22,41,22.0,129.0,82.95,38632, MS,38168,39022,40702
Decatur,282,Decaturville,Decatur County,1,1,0,2,4,34.0,140.0,75.71,38329, TN,41029,40812,42639
Decatur,282,Decaturville,Decatur County,1,1,0,2,4,34.0,140.0,75.71,38329,GA,33932,35252,36150
Dickson,284,Dickson,Dickson County,3,4,1,9,17,29.0,140.0,79.29,37055, TN,37579,38766,40556
Dillon,182,Latta,Dillon 03,1,1,0,1,3,27.0,82.0,67.07,29565, SC,26281,27035,27718
Dillon,183,Dillon,Dillon 04,2,1,0,5,8,63.0,82.0,23.17,29536, SC,26281,27035,27718
Dixie,213,Cross City,Dixie,3,1,2,4,10,27.0,67.0,59.7,32628,FL,25421,26862,27956
Dorchester,185,Summerville,Dorchester 02,3,6,0,15,24,10.0,82.0,87.8,29483, SC,36085,37282,38892
Dorchester,186,Saint George,Dorchester 04,1,2,0,3,6,47.0,82.0,42.68,29477, SC,36085,37282,38892
Durham,336,Durham,Carter Community Charter,0,0,0,1,1,220.0,242.0,9.09,27705, NC,46255,48051,50698
Duval,214,Jacksonville,Duval,42,29,7,127,205,52.0,67.0,22.39,32207,FL,42326,44458,46174
Dyer,286,Dyersburg,Dyersburg,1,1,0,2,4,26.0,140.0,81.43,38024, TN,37851,38310,40642
Dyer,285,Dyersburg,Dyer County,1,2,0,5,8,14.0,140.0,90.0,38024, TN,37851,38310,40642
Edgefield,188,Johnston,Edgefield 01,2,2,0,4,8,46.0,82.0,43.9,29832, SC,33600,35426,36436
Escambia,74,Brewton,Brewton City,1,1,0,1,3,13.0,130.0,90.0,36426,AL,30404,31641,32996
Escambia,215,Pensacola,Escambia,15,10,8,38,71,53.0,67.0,20.9,32505,FL,39521,40825,42537
Escambia,74,Brewton,Brewton City,1,1,0,1,3,13.0,130.0,90.0,36426,FL,39521,40825,42537
Escambia,215,Pensacola,Escambia,15,10,8,38,71,53.0,67.0,20.9,32505,AL,30404,31641,32996
Etowah,60,Attalla,Attalla City,1,1,0,1,3,79.0,130.0,39.23,35954,AL,34792,35542,36918
Fairfield,189,Winnsboro,Fairfield 01,2,1,0,5,8,44.0,82.0,46.34,29180, SC,34877,35558,36758
Fayette,289,Somerville,Fayette County Public Schools,1,2,0,4,7,136.0,140.0,2.86,38068,GA,58295,60677,63515
Fayette,289,Somerville,Fayette County Public Schools,1,2,0,4,7,136.0,140.0,2.86,38068, TN,51961,52993,55364
Fayette,289,Somerville,Fayette County Public Schools,1,2,0,4,7,136.0,140.0,2.86,38068,AL,32533,33492,34966
Fentress,252,Jamestown,Alvin C York Institute,1,0,0,0,1,48.0,140.0,65.71,38556, TN,30366,31029,32232
Fentress,291,Jamestown,Fentress County,2,0,0,4,6,65.0,140.0,53.57,38556, TN,30366,31029,32232
Flagler,219,Bunnell,Flagler,4,2,0,9,15,14.0,67.0,79.1,32110,FL,42114,44092,46220
Florence,192,Lake City,Florence 03,1,2,0,5,8,66.0,82.0,19.51,29560, SC,38998,39941,41833
Florence,194,Johnsonville,Florence 05,1,1,0,1,3,26.0,82.0,68.29,29555, SC,38998,39941,41833
Florence,193,Timmonsville,Florence 04,1,1,0,1,3,82.0,82.0,0.0,29161, SC,38998,39941,41833
Florence,191,Pamplico,Florence 02,1,0,0,1,2,57.0,82.0,30.49,29583, SC,38998,39941,41833
Florence,190,Florence,Florence 01,4,4,0,16,24,37.0,82.0,54.88,29506, SC,38998,39941,41833
Forrest,136,Hattiesburg,Forrest County School District,1,0,0,5,6,52.0,129.0,59.69,39403, MS,36793,37202,38880
Forrest,135,Brooklyn,Forrest County Ag High School,1,0,0,0,1,70.0,129.0,45.74,39425, MS,36793,37202,38880
Forrest,146,Hattiesburg,Hattiesburg Public School District,1,2,1,5,9,76.0,129.0,41.09,39401, MS,36793,37202,38880
Forsyth,310,Winston Salem,Arts Based School,0,0,0,1,1,34.0,242.0,85.95,27101, NC,45168,47062,48804
Forsyth,307,Walkertown,Appalachian State U Academy Middle Fork,0,0,0,1,1,236.0,242.0,2.48,27051, NC,45168,47062,48804
Forsyth,307,Walkertown,Appalachian State U Academy Middle Fork,0,0,0,1,1,236.0,242.0,2.48,27051,GA,59451,60227,62580
Forsyth,310,Winston Salem,Arts Based School,0,0,0,1,1,34.0,242.0,85.95,27101,GA,59451,60227,62580
Franklin,220,Eastpoint,Franklin,1,0,2,1,4,63.0,67.0,5.97,32328, NC,33301,34674,36238
Franklin,292,Winchester,Franklin County,1,2,1,7,11,119.0,140.0,15.0,37398,FL,32661,33999,35988
Franklin,137,Meadville,Franklin County School District,2,2,0,1,5,43.0,134.0,67.91,39653, TN,36021,37289,38880
Franklin,220,Eastpoint,Franklin,1,0,2,1,4,63.0,67.0,5.97,32328, MS,33037,33236,33970
Franklin,137,Meadville,Franklin County School District,2,2,0,1,5,43.0,134.0,67.91,39653, NC,33301,34674,36238
Franklin,220,Eastpoint,Franklin,1,0,2,1,4,63.0,67.0,5.97,32328, LA,30010,31196,31928
Franklin,220,Eastpoint,Franklin,1,0,2,1,4,63.0,67.0,5.97,32328,GA,34213,35508,36672
Franklin,220,Eastpoint,Franklin,1,0,2,1,4,63.0,67.0,5.97,32328, TN,36021,37289,38880
Franklin,292,Winchester,Franklin County,1,2,1,7,11,119.0,140.0,15.0,37398,AL,30940,32422,34318
Franklin,292,Winchester,Franklin County,1,2,1,7,11,119.0,140.0,15.0,37398,GA,34213,35508,36672
Franklin,292,Winchester,Franklin County,1,2,1,7,11,119.0,140.0,15.0,37398, MS,33037,33236,33970
Franklin,220,Eastpoint,Franklin,1,0,2,1,4,63.0,67.0,5.97,32328,FL,32661,33999,35988
Franklin,137,Meadville,Franklin County School District,2,2,0,1,5,43.0,134.0,67.91,39653,AL,30940,32422,34318
Franklin,137,Meadville,Franklin County School District,2,2,0,1,5,43.0,134.0,67.91,39653,FL,32661,33999,35988
Franklin,292,Winchester,Franklin County,1,2,1,7,11,119.0,140.0,15.0,37398, LA,30010,31196,31928
Franklin,137,Meadville,Franklin County School District,2,2,0,1,5,43.0,134.0,67.91,39653,GA,34213,35508,36672
Franklin,137,Meadville,Franklin County School District,2,2,0,1,5,43.0,134.0,67.91,39653, LA,30010,31196,31928
Franklin,220,Eastpoint,Franklin,1,0,2,1,4,63.0,67.0,5.97,32328,AL,30940,32422,34318
Franklin,137,Meadville,Franklin County School District,2,2,0,1,5,43.0,134.0,67.91,39653, MS,33037,33236,33970
Franklin,292,Winchester,Franklin County,1,2,1,7,11,119.0,140.0,15.0,37398, TN,36021,37289,38880
Franklin,292,Winchester,Franklin County,1,2,1,7,11,119.0,140.0,15.0,37398, NC,33301,34674,36238
Fulton,2,Atlanta,Atlanta Public Schools,16,15,2,56,89,136.0,196.0,30.61,30335,GA,75987,80683,84386
Fulton,45,Atlanta,Commission Charter Schools- Atlanta Heights Charter School,0,0,0,1,1,188.0,196.0,4.08,30331,GA,75987,80683,84386
Gadsden,222,Quincy,Gadsden,3,2,5,8,18,60.0,67.0,10.45,32351,FL,32160,33483,35139
George,138,Lucedale,George County School District,2,2,0,5,9,60.0,129.0,53.49,39452, MS,31432,31697,32529
Georgetown,195,Georgetown,Georgetown 01,4,5,0,10,19,45.0,82.0,45.12,29440, SC,42897,45167,47071
Gibson,295,Dyer,Gibson County Sp District,2,1,0,6,9,27.0,140.0,80.71,38330, TN,36422,37414,38654
Gibson,262,Bradford,Bradford,1,0,0,1,2,13.0,140.0,90.71,38316, TN,36422,37414,38654
Gilchrist,223,Trenton,Gilchrist,3,0,2,3,8,5.0,67.0,92.54,32693,FL,31259,33217,33774
Giles,296,Pulaski,Giles County,2,2,0,4,8,80.0,140.0,42.86,38478, TN,36794,37842,38766
Glades,224,Moore Haven,Glades,2,1,1,6,10,55.0,67.0,17.91,33471,FL,22152,23510,24467
Gordon,21,Calhoun,Calhoun City,1,1,0,1,3,96.0,196.0,51.02,30701,GA,32428,35514,36947
Grainger,297,Rutledge,Grainger County,3,1,1,4,9,120.0,140.0,14.29,37861, TN,30848,31892,33490
Greene,139,Leakesville,Greene County School District,2,1,0,3,6,48.0,129.0,62.79,39451,AL,30737,31388,32359
Greene,139,Leakesville,Greene County School District,2,1,0,3,6,48.0,129.0,62.79,39451, MS,27960,27973,28716
Greene,139,Leakesville,Greene County School District,2,1,0,3,6,48.0,129.0,62.79,39451, NC,30308,32493,32569
Greene,139,Leakesville,Greene County School District,2,1,0,3,6,48.0,129.0,62.79,39451, TN,37665,38618,39971
Greene,298,Greeneville,Greene County,4,1,1,12,18,77.0,140.0,45.0,37743,AL,30737,31388,32359
Greene,298,Greeneville,Greene County,4,1,1,12,18,77.0,140.0,45.0,37743,GA,50359,53496,55396
Greene,298,Greeneville,Greene County,4,1,1,12,18,77.0,140.0,45.0,37743, MS,27960,27973,28716
Greene,298,Greeneville,Greene County,4,1,1,12,18,77.0,140.0,45.0,37743, NC,30308,32493,32569
Greene,298,Greeneville,Greene County,4,1,1,12,18,77.0,140.0,45.0,37743, TN,37665,38618,39971
Greene,139,Leakesville,Greene County School District,2,1,0,3,6,48.0,129.0,62.79,39451,GA,50359,53496,55396
Greenville,198,Greenville,Greenville 01,18,20,1,52,91,13.0,82.0,84.15,29601, SC,44869,46922,48644
Grenada,142,Grenada,Grenada School District,3,1,0,1,5,11.0,129.0,91.47,38901, MS,33859,34458,35632
Gulf,225,Port Saint Joe,Gulf,3,0,0,3,6,47.0,67.0,29.85,32456,FL,32157,33871,35701
Gwinnett,17,Buford,Buford City,1,1,0,2,4,2.0,196.0,98.98,30518,GA,38629,39738,41458
Gwinnett,46,Norcross,Commission Charter Schools- Brookhaven Innovation Academy,0,0,0,1,1,42.0,196.0,78.57,30071,GA,38629,39738,41458
Hancock,144,Kiln,Hancock County School District,2,1,0,4,7,15.0,129.0,88.37,39556, TN,25563,25777,27042
Hancock,144,Kiln,Hancock County School District,2,1,0,4,7,15.0,129.0,88.37,39556, MS,33577,33998,35262
Hancock,144,Kiln,Hancock County School District,2,1,0,4,7,15.0,129.0,88.37,39556,GA,27046,28261,29917
Hancock,106,Bay Saint Louis,Bay St Louis Waveland School District,1,1,0,2,4,29.0,129.0,77.52,39520, TN,25563,25777,27042
Hancock,106,Bay Saint Louis,Bay St Louis Waveland School District,1,1,0,2,4,29.0,129.0,77.52,39520, MS,33577,33998,35262
Hancock,106,Bay Saint Louis,Bay St Louis Waveland School District,1,1,0,2,4,29.0,129.0,77.52,39520,GA,27046,28261,29917
Haralson,14,Bremen,Bremen City,1,1,0,2,4,3.0,196.0,98.47,30110,GA,33941,35121,36508
Hardee,227,Wauchula,Hardee,5,0,0,6,11,33.0,67.0,50.75,33873,FL,26913,28844,28285
Harnett,305,Spring Lake,Anderson Creek Academy,0,0,0,1,1,23.0,242.0,90.5,28390, NC,32019,33064,34604
Harrison,108,Biloxi,Biloxi Public School District,2,2,1,5,10,7.0,129.0,94.57,39530, MS,35877,36087,37303
Harrison,143,Gulfport,Gulfport School District,2,2,1,7,12,40.0,129.0,68.99,39501, MS,35877,36087,37303
Harrison,145,Gulfport,Harrison County School District,5,3,0,13,21,18.0,129.0,86.05,39503, MS,35877,36087,37303
Hendry,228,Labelle,Hendry,4,2,3,8,17,61.0,67.0,8.96,33935,FL,29746,30693,31071
Hernando,229,Brooksville,Hernando,10,6,4,13,33,32.0,67.0,52.24,34601,FL,34899,35601,36878
Highlands,230,Sebring,Highlands,6,3,4,11,24,54.0,67.0,19.4,33870,FL,32174,32922,33453
Hillsborough,231,Tampa,Hillsborough,48,47,22,180,297,48.0,67.0,28.36,33602,FL,43617,45129,47000
Hinds,148,Raymond,Hinds County School District,3,2,1,5,11,62.0,129.0,51.94,39154, MS,37817,37633,39311
Holmes,232,Bonifay,Holmes,3,0,4,3,10,50.0,67.0,25.37,32425,FL,28049,29598,30468
Holmes,232,Bonifay,Holmes,3,0,4,3,10,50.0,67.0,25.37,32425, MS,27619,27367,28371
Indian River,233,Vero Beach,Indian River,5,5,2,17,29,22.0,67.0,67.16,32967,FL,69832,72149,76059
Iredell,304,Statesville,American Renaissance School,0,0,0,1,1,61.0,242.0,74.79,28677, NC,47134,48027,50065
Jackson,341,Sylva,Catamount School,0,1,0,0,1,151.0,242.0,37.6,28779,GA,39379,40832,42211
Jackson,44,Commerce,Commerce City,1,1,0,2,4,20.0,196.0,89.8,30529,AL,34198,35099,36567
Jackson,44,Commerce,Commerce City,1,1,0,2,4,20.0,196.0,89.8,30529,FL,29607,30763,32106
Jackson,44,Commerce,Commerce City,1,1,0,2,4,20.0,196.0,89.8,30529,GA,39379,40832,42211
Jackson,44,Commerce,Commerce City,1,1,0,2,4,20.0,196.0,89.8,30529, LA,31762,32933,34116
Jackson,44,Commerce,Commerce City,1,1,0,2,4,20.0,196.0,89.8,30529, MS,35715,36297,37499
Jackson,44,Commerce,Commerce City,1,1,0,2,4,20.0,196.0,89.8,30529, NC,30813,31851,32844
Jackson,44,Commerce,Commerce City,1,1,0,2,4,20.0,196.0,89.8,30529, TN,29190,29939,31189
Jackson,234,Marianna,Jackson,6,2,7,7,22,39.0,67.0,41.79,32446,AL,34198,35099,36567
Jackson,234,Marianna,Jackson,6,2,7,7,22,39.0,67.0,41.79,32446, NC,30813,31851,32844
Jackson,234,Marianna,Jackson,6,2,7,7,22,39.0,67.0,41.79,32446, TN,29190,29939,31189
Jackson,234,Marianna,Jackson,6,2,7,7,22,39.0,67.0,41.79,32446,GA,39379,40832,42211
Jackson,341,Sylva,Catamount School,0,1,0,0,1,151.0,242.0,37.6,28779,AL,34198,35099,36567
Jackson,234,Marianna,Jackson,6,2,7,7,22,39.0,67.0,41.79,32446, LA,31762,32933,34116
Jackson,341,Sylva,Catamount School,0,1,0,0,1,151.0,242.0,37.6,28779, TN,29190,29939,31189
Jackson,341,Sylva,Catamount School,0,1,0,0,1,151.0,242.0,37.6,28779, NC,30813,31851,32844
Jackson,341,Sylva,Catamount School,0,1,0,0,1,151.0,242.0,37.6,28779, MS,35715,36297,37499
Jackson,341,Sylva,Catamount School,0,1,0,0,1,151.0,242.0,37.6,28779, LA,31762,32933,34116
Jackson,234,Marianna,Jackson,6,2,7,7,22,39.0,67.0,41.79,32446,FL,29607,30763,32106
Jackson,341,Sylva,Catamount School,0,1,0,0,1,151.0,242.0,37.6,28779,FL,29607,30763,32106
Jackson,234,Marianna,Jackson,6,2,7,7,22,39.0,67.0,41.79,32446, MS,35715,36297,37499
Jasper,130,Heidelberg,East Jasper Consolidated School District,1,1,0,1,3,69.0,129.0,46.51,39439,GA,35403,39111,40606
Jasper,130,Heidelberg,East Jasper Consolidated School District,1,1,0,1,3,69.0,129.0,46.51,39439, MS,33417,36001,37281
Jasper,130,Heidelberg,East Jasper Consolidated School District,1,1,0,1,3,69.0,129.0,46.51,39439, SC,27345,27920,29242
Jefferson,68,Birmingham,Birmingham City,11,9,1,31,52,117.0,130.0,10.0,35203, LA,47629,48520,51005
Jefferson,68,Birmingham,Birmingham City,11,9,1,31,52,117.0,130.0,10.0,35203,AL,49573,52128,54730
Jefferson,68,Birmingham,Birmingham City,11,9,1,31,52,117.0,130.0,10.0,35203,FL,38742,39715,40736
Jefferson,68,Birmingham,Birmingham City,11,9,1,31,52,117.0,130.0,10.0,35203,GA,31409,32925,34034
Jefferson,66,Bessemer,Bessemer City,3,1,0,5,9,120.0,130.0,7.69,35020, LA,47629,48520,51005
Jefferson,68,Birmingham,Birmingham City,11,9,1,31,52,117.0,130.0,10.0,35203, MS,30998,31910,33098
Jefferson,68,Birmingham,Birmingham City,11,9,1,31,52,117.0,130.0,10.0,35203, TN,33160,34289,35866
Jefferson,235,Monticello,Jefferson,2,1,2,1,6,66.0,67.0,1.49,32344,AL,49573,52128,54730
Jefferson,235,Monticello,Jefferson,2,1,2,1,6,66.0,67.0,1.49,32344,GA,31409,32925,34034
Jefferson,66,Bessemer,Bessemer City,3,1,0,5,9,120.0,130.0,7.69,35020, MS,30998,31910,33098
Jefferson,235,Monticello,Jefferson,2,1,2,1,6,66.0,67.0,1.49,32344, LA,47629,48520,51005
Jefferson,66,Bessemer,Bessemer City,3,1,0,5,9,120.0,130.0,7.69,35020,GA,31409,32925,34034
Jefferson,66,Bessemer,Bessemer City,3,1,0,5,9,120.0,130.0,7.69,35020,FL,38742,39715,40736
Jefferson,235,Monticello,Jefferson,2,1,2,1,6,66.0,67.0,1.49,32344, MS,30998,31910,33098
Jefferson,66,Bessemer,Bessemer City,3,1,0,5,9,120.0,130.0,7.69,35020,AL,49573,52128,54730
Jefferson,235,Monticello,Jefferson,2,1,2,1,6,66.0,67.0,1.49,32344, TN,33160,34289,35866
Jefferson,235,Monticello,Jefferson,2,1,2,1,6,66.0,67.0,1.49,32344,FL,38742,39715,40736
Jefferson,66,Bessemer,Bessemer City,3,1,0,5,9,120.0,130.0,7.69,35020, TN,33160,34289,35866
Lafayette,236,Mayo,Lafayette,3,0,1,2,6,6.0,66.0,90.91,32066, MS,39338,40377,42110
Lafayette,236,Mayo,Lafayette,3,0,1,2,6,6.0,66.0,90.91,32066,FL,22596,24232,24148
Lafayette,236,Mayo,Lafayette,3,0,1,2,6,6.0,66.0,90.91,32066, LA,45411,47467,50273
Lake,237,Tavares,Lake,13,10,8,29,60,28.0,67.0,58.21,32778,FL,39385,40613,42190
Lake,237,Tavares,Lake,13,10,8,29,60,28.0,67.0,58.21,32778, TN,22300,22576,23230
Lee,238,Fort Myers,Lee,36,19,4,62,121,38.0,67.0,43.28,33966, SC,30186,31553,32708
Lee,238,Fort Myers,Lee,36,19,4,62,121,38.0,67.0,43.28,33966,FL,47574,48872,51266
Lee,238,Fort Myers,Lee,36,19,4,62,121,38.0,67.0,43.28,33966,GA,43544,45415,47258
Lee,238,Fort Myers,Lee,36,19,4,62,121,38.0,67.0,43.28,33966, NC,37411,38287,40098
Lee,238,Fort Myers,Lee,36,19,4,62,121,38.0,67.0,43.28,33966,AL,35690,36437,38036
Lee,61,Auburn,Auburn City,1,2,1,9,13,7.0,130.0,94.62,36830, MS,38811,40345,41934
Lee,105,Baldwyn,Baldwyn School District,2,0,0,1,3,38.0,129.0,70.54,38824, NC,37411,38287,40098
Lee,105,Baldwyn,Baldwyn School District,2,0,0,1,3,38.0,129.0,70.54,38824, MS,38811,40345,41934
Lee,105,Baldwyn,Baldwyn School District,2,0,0,1,3,38.0,129.0,70.54,38824,GA,43544,45415,47258
Lee,105,Baldwyn,Baldwyn School District,2,0,0,1,3,38.0,129.0,70.54,38824,FL,47574,48872,51266
Lee,105,Baldwyn,Baldwyn School District,2,0,0,1,3,38.0,129.0,70.54,38824,AL,35690,36437,38036
Lee,61,Auburn,Auburn City,1,2,1,9,13,7.0,130.0,94.62,36830, SC,30186,31553,32708
Lee,61,Auburn,Auburn City,1,2,1,9,13,7.0,130.0,94.62,36830, NC,37411,38287,40098
Lee,312,Sanford,Ascend Leadership Academy: Lee County,0,1,0,0,1,149.0,242.0,38.43,27332,AL,35690,36437,38036
Lee,61,Auburn,Auburn City,1,2,1,9,13,7.0,130.0,94.62,36830,GA,43544,45415,47258
Lee,61,Auburn,Auburn City,1,2,1,9,13,7.0,130.0,94.62,36830,FL,47574,48872,51266
Lee,61,Auburn,Auburn City,1,2,1,9,13,7.0,130.0,94.62,36830,AL,35690,36437,38036
Lee,105,Baldwyn,Baldwyn School District,2,0,0,1,3,38.0,129.0,70.54,38824, SC,30186,31553,32708
Lee,312,Sanford,Ascend Leadership Academy: Lee County,0,1,0,0,1,149.0,242.0,38.43,27332,FL,47574,48872,51266
Lee,238,Fort Myers,Lee,36,19,4,62,121,38.0,67.0,43.28,33966, MS,38811,40345,41934
Lee,312,Sanford,Ascend Leadership Academy: Lee County,0,1,0,0,1,149.0,242.0,38.43,27332, MS,38811,40345,41934
Lee,312,Sanford,Ascend Leadership Academy: Lee County,0,1,0,0,1,149.0,242.0,38.43,27332, NC,37411,38287,40098
Lee,312,Sanford,Ascend Leadership Academy: Lee County,0,1,0,0,1,149.0,242.0,38.43,27332, SC,30186,31553,32708
Lee,312,Sanford,Ascend Leadership Academy: Lee County,0,1,0,0,1,149.0,242.0,38.43,27332,GA,43544,45415,47258
Leflore,141,Greenwood,Greenwood Public School District,2,1,0,4,7,99.0,129.0,23.26,38935, MS,33601,34769,36399
Leon,239,Tallahassee,Leon,13,8,6,30,57,35.0,67.0,47.76,32304,FL,41273,42380,44482
Leon,221,Tallahassee,Fsu Lab School,0,0,2,1,3,1.0,67.0,98.51,32311,FL,41273,42380,44482
Levy,240,Bronson,Levy,4,1,4,6,15,51.0,67.0,23.88,32621,FL,32833,34477,35204
Liberty,241,Bristol,Liberty,3,0,2,3,8,15.0,67.0,77.61,32321,GA,33183,34163,35805
Liberty,241,Bristol,Liberty,3,0,2,3,8,15.0,67.0,77.61,32321,FL,22151,23087,23582
Limestone,59,Athens,Athens City,1,1,2,5,9,27.0,129.0,79.07,35611,AL,39102,40845,42546
Lincoln,290,Fayetteville,Fayetteville,1,1,0,1,3,122.0,140.0,12.86,37334, MS,36208,37484,38682
Lincoln,110,Brookhaven,Brookhaven School District,2,2,1,2,7,67.0,129.0,48.06,39601,GA,34481,35936,37333
Lincoln,110,Brookhaven,Brookhaven School District,2,2,1,2,7,67.0,129.0,48.06,39601, LA,37007,38492,40410
Lincoln,290,Fayetteville,Fayetteville,1,1,0,1,3,122.0,140.0,12.86,37334, LA,37007,38492,40410
Lincoln,110,Brookhaven,Brookhaven School District,2,2,1,2,7,67.0,129.0,48.06,39601, TN,38803,39511,41388
Lincoln,110,Brookhaven,Brookhaven School District,2,2,1,2,7,67.0,129.0,48.06,39601, NC,42010,43920,45791
Lincoln,110,Brookhaven,Brookhaven School District,2,2,1,2,7,67.0,129.0,48.06,39601, MS,36208,37484,38682
Lincoln,290,Fayetteville,Fayetteville,1,1,0,1,3,122.0,140.0,12.86,37334,GA,34481,35936,37333
Lincoln,290,Fayetteville,Fayetteville,1,1,0,1,3,122.0,140.0,12.86,37334, NC,42010,43920,45791
Lincoln,290,Fayetteville,Fayetteville,1,1,0,1,3,122.0,140.0,12.86,37334, TN,38803,39511,41388
Lowndes,125,Columbus,Columbus Municipal School District,2,1,1,5,9,114.0,129.0,11.63,39705,AL,37050,39011,38991
Lowndes,125,Columbus,Columbus Municipal School District,2,1,1,5,9,114.0,129.0,11.63,39705,GA,34869,35817,37443
Lowndes,125,Columbus,Columbus Municipal School District,2,1,1,5,9,114.0,129.0,11.63,39705, MS,35885,36657,38498
Madison,112,Canton,Canton Public School District,2,2,2,4,10,108.0,129.0,16.28,39046, LA,31480,31210,32437
Madison,112,Canton,Canton Public School District,2,2,2,4,10,108.0,129.0,16.28,39046,GA,33761,35261,36557
Madison,112,Canton,Canton Public School District,2,2,2,4,10,108.0,129.0,16.28,39046, NC,31394,32655,34036
Madison,112,Canton,Canton Public School District,2,2,2,4,10,108.0,129.0,16.28,39046, TN,39965,40781,42720
Madison,112,Canton,Canton Public School District,2,2,2,4,10,108.0,129.0,16.28,39046, MS,60238,61566,64033
Madison,242,Madison,Madison,4,0,4,6,14,46.0,67.0,31.34,32340,FL,29330,30499,31675
Madison,242,Madison,Madison,4,0,4,6,14,46.0,67.0,31.34,32340,GA,33761,35261,36557
Madison,242,Madison,Madison,4,0,4,6,14,46.0,67.0,31.34,32340, MS,60238,61566,64033
Madison,242,Madison,Madison,4,0,4,6,14,46.0,67.0,31.34,32340, NC,31394,32655,34036
Madison,242,Madison,Madison,4,0,4,6,14,46.0,67.0,31.34,32340,AL,48026,49158,51445
Madison,112,Canton,Canton Public School District,2,2,2,4,10,108.0,129.0,16.28,39046,AL,48026,49158,51445
Madison,112,Canton,Canton Public School District,2,2,2,4,10,108.0,129.0,16.28,39046,FL,29330,30499,31675
Madison,242,Madison,Madison,4,0,4,6,14,46.0,67.0,31.34,32340, LA,31480,31210,32437
Madison,242,Madison,Madison,4,0,4,6,14,46.0,67.0,31.34,32340, TN,39965,40781,42720
Manatee,243,Bradenton,Manatee,15,12,8,43,78,41.0,67.0,38.81,34205,FL,44361,45404,47378
Marion,124,Columbia,Columbia School District,1,1,0,2,4,49.0,129.0,62.02,39429,AL,30458,31807,33264
Marion,244,Ocala,Marion,17,10,3,36,66,62.0,67.0,7.46,34471, TN,35950,36950,38450
Marion,244,Ocala,Marion,17,10,3,36,66,62.0,67.0,7.46,34471, MS,29710,32880,34526
Marion,244,Ocala,Marion,17,10,3,36,66,62.0,67.0,7.46,34471,GA,26862,28317,29333
Marion,244,Ocala,Marion,17,10,3,36,66,62.0,67.0,7.46,34471,FL,34506,35719,36997
Marion,244,Ocala,Marion,17,10,3,36,66,62.0,67.0,7.46,34471,AL,30458,31807,33264
Marion,124,Columbia,Columbia School District,1,1,0,2,4,49.0,129.0,62.02,39429, TN,35950,36950,38450
Marion,124,Columbia,Columbia School District,1,1,0,2,4,49.0,129.0,62.02,39429, SC,28828,30135,31492
Marion,124,Columbia,Columbia School District,1,1,0,2,4,49.0,129.0,62.02,39429, MS,29710,32880,34526
Marion,124,Columbia,Columbia School District,1,1,0,2,4,49.0,129.0,62.02,39429,GA,26862,28317,29333
Marion,124,Columbia,Columbia School District,1,1,0,2,4,49.0,129.0,62.02,39429,FL,34506,35719,36997
Marion,244,Ocala,Marion,17,10,3,36,66,62.0,67.0,7.46,34471, SC,28828,30135,31492
Marshall,54,Albertville,Albertville City,1,2,0,3,6,58.0,130.0,55.38,35950,AL,33700,34579,36044
Marshall,70,Boaz,Boaz City,1,1,0,3,5,84.0,130.0,35.38,35957, TN,35587,36075,37550
Marshall,58,Arab,Arab City,1,1,0,2,4,5.0,130.0,96.15,35016, TN,35587,36075,37550
Marshall,58,Arab,Arab City,1,1,0,2,4,5.0,130.0,96.15,35016,AL,33700,34579,36044
Marshall,58,Arab,Arab City,1,1,0,2,4,5.0,130.0,96.15,35016, MS,30405,31072,32341
Marshall,54,Albertville,Albertville City,1,2,0,3,6,58.0,130.0,55.38,35950, TN,35587,36075,37550
Marshall,70,Boaz,Boaz City,1,1,0,3,5,84.0,130.0,35.38,35957,AL,33700,34579,36044
Marshall,70,Boaz,Boaz City,1,1,0,3,5,84.0,130.0,35.38,35957, MS,30405,31072,32341
Marshall,54,Albertville,Albertville City,1,2,0,3,6,58.0,130.0,55.38,35950, MS,30405,31072,32341
Martin,245,Stuart,Martin,9,5,3,17,34,30.0,67.0,55.22,34994, NC,32623,33727,34647
Martin,245,Stuart,Martin,9,5,3,17,34,30.0,67.0,55.22,34994,FL,74666,79020,83873
Martin,317,Williamston,Bear Grass Charter School,1,0,0,0,1,52.0,242.0,78.51,27982,FL,74666,79020,83873
Martin,317,Williamston,Bear Grass Charter School,1,0,0,0,1,52.0,242.0,78.51,27982, NC,32623,33727,34647
McMinn,255,Athens,Athens,0,1,0,4,5,15.0,140.0,89.29,37303, TN,33722,34645,35897
McMinn,288,Etowah,Etowah,0,0,0,1,1,86.0,140.0,38.57,37331, TN,33722,34645,35897
Mecklenburg,309,Charlotte,Aristotle Preparatory Academy,0,0,0,1,1,158.0,242.0,34.71,28214, NC,55276,58539,61137
Miami-Dade,246,Miami,Miami-Dade,121,77,23,289,510,23.0,67.0,65.67,33132,FL,43920,47813,50022
Mobile,50,Mobile,Acceleration Day and Evening Academy,1,0,0,0,1,123.0,130.0,5.38,36606,AL,36025,36777,38243
Mobile,81,Chickasaw,Chickasaw City,1,1,0,1,3,124.0,130.0,4.62,36611,AL,36025,36777,38243
Monroe,100,Aberdeen,Aberdeen School District,1,1,0,1,3,98.0,129.0,24.03,39730,GA,41767,43106,44790
Monroe,100,Aberdeen,Aberdeen School District,1,1,0,1,3,98.0,129.0,24.03,39730, MS,32293,33180,34664
Monroe,103,Amory,Amory School District,2,1,0,2,5,9.0,129.0,93.02,38821,AL,31259,31720,33456
Monroe,103,Amory,Amory School District,2,1,0,2,5,9.0,129.0,93.02,38821,FL,78241,84679,92119
Monroe,103,Amory,Amory School District,2,1,0,2,5,9.0,129.0,93.02,38821,GA,41767,43106,44790
Monroe,103,Amory,Amory School District,2,1,0,2,5,9.0,129.0,93.02,38821, MS,32293,33180,34664
Monroe,103,Amory,Amory School District,2,1,0,2,5,9.0,129.0,93.02,38821, TN,31572,31971,33338
Monroe,247,Key West,Monroe,10,0,1,13,24,9.0,67.0,86.57,33040,AL,31259,31720,33456
Monroe,247,Key West,Monroe,10,0,1,13,24,9.0,67.0,86.57,33040,FL,78241,84679,92119
Monroe,247,Key West,Monroe,10,0,1,13,24,9.0,67.0,86.57,33040,GA,41767,43106,44790
Monroe,247,Key West,Monroe,10,0,1,13,24,9.0,67.0,86.57,33040, MS,32293,33180,34664
Monroe,247,Key West,Monroe,10,0,1,13,24,9.0,67.0,86.57,33040, TN,31572,31971,33338
Monroe,100,Aberdeen,Aberdeen School District,1,1,0,1,3,98.0,129.0,24.03,39730, TN,31572,31971,33338
Monroe,100,Aberdeen,Aberdeen School District,1,1,0,1,3,98.0,129.0,24.03,39730,AL,31259,31720,33456
Monroe,100,Aberdeen,Aberdeen School District,1,1,0,1,3,98.0,129.0,24.03,39730,FL,78241,84679,92119
Morgan,99,Decatur,Decatur City,4,2,2,12,20,67.0,130.0,48.46,35601, TN,27538,28339,29380
Morgan,99,Decatur,Decatur City,4,2,2,12,20,67.0,130.0,48.46,35601,AL,37173,38289,39991
Morgan,99,Decatur,Decatur City,4,2,2,12,20,67.0,130.0,48.46,35601,GA,45564,48982,50541
Nassau,248,Fernandina Beach,Nassau,5,3,3,9,20,3.0,67.0,95.52,32034,FL,53450,55738,57877
New Hanover,333,Wilmington,Cape Fear Center for Inquiry,0,0,0,1,1,24.0,242.0,90.08,28401, NC,42769,43722,45290
Palm Beach,217,Boca Raton,Fau Lab School,0,0,1,1,2,2.0,67.0,97.01,33431,FL,70241,75183,79760
Person,321,Roxboro,Bethel Hill Charter,0,0,0,1,1,40.0,242.0,83.47,27574, NC,35211,36510,38202
Prentiss,109,Booneville,Booneville School District,2,1,0,1,4,4.0,129.0,96.9,38829, MS,29116,29794,30743
Randolph,314,Asheboro,Asheboro City Schools,1,2,0,5,8,146.0,242.0,39.67,27203, NC,34709,35910,37017
Randolph,314,Asheboro,Asheboro City Schools,1,2,0,5,8,146.0,242.0,39.67,27203,GA,28739,31453,33238
Randolph,314,Asheboro,Asheboro City Schools,1,2,0,5,8,146.0,242.0,39.67,27203,AL,30268,31242,32411
Rhea,281,Dayton,Dayton,0,0,0,1,1,28.0,140.0,80.0,37321, TN,32753,32842,34147
Richland,169,Columbia,Charter Institute at Erskine,5,0,4,4,13,43.0,82.0,47.56,29201, SC,42473,44250,45529
Richland,169,Columbia,Charter Institute at Erskine,5,0,4,4,13,43.0,82.0,47.56,29201, LA,35630,35988,37330
Rockingham,320,Summerfield,Bethany Community Middle,0,1,0,0,1,56.0,242.0,76.86,27358, NC,34679,35862,37137
Scott,134,Forest,Forest Municipal School District,1,1,0,1,3,71.0,129.0,44.96,39074, TN,27627,28106,29758
Scott,134,Forest,Forest Municipal School District,1,1,0,1,3,71.0,129.0,44.96,39074, MS,28569,30866,32095
Shelby,294,Germantown,Germantown,1,1,0,3,5,2.0,140.0,98.57,38138, TN,46015,47338,49465
Shelby,294,Germantown,Germantown,1,1,0,3,5,2.0,140.0,98.57,38138,AL,50650,51852,54369
Shelby,277,Collierville,Collierville,1,2,0,6,9,4.0,140.0,97.14,38017,AL,50650,51852,54369
Shelby,256,Bartlett,Bartlett,1,3,0,6,10,9.0,140.0,93.57,38134, TN,46015,47338,49465
Shelby,256,Bartlett,Bartlett,1,3,0,6,10,9.0,140.0,93.57,38134,AL,50650,51852,54369
Shelby,254,Arlington,Arlington,1,1,0,2,4,6.0,140.0,95.71,38002, TN,46015,47338,49465
Shelby,254,Arlington,Arlington,1,1,0,2,4,6.0,140.0,95.71,38002,AL,50650,51852,54369
Shelby,53,Alabaster,Alabaster City,1,2,0,3,6,15.0,130.0,88.46,35007, TN,46015,47338,49465
Shelby,53,Alabaster,Alabaster City,1,2,0,3,6,15.0,130.0,88.46,35007,AL,50650,51852,54369
Shelby,277,Collierville,Collierville,1,2,0,6,9,4.0,140.0,97.14,38017, TN,46015,47338,49465
St. Johns,211,St Augustine,Deaf/Blind,2,1,0,2,5,65.0,67.0,2.99,32084,FL,61829,65660,68149
Sullivan,264,Bristol,Bristol,2,1,0,5,8,23.0,140.0,83.57,37620, TN,39870,40810,42606
Tallahatchie,131,Charleston,East Tallahatchie Consol School District,2,1,0,1,4,104.0,129.0,19.38,38921, MS,27223,27157,27757
Tallapoosa,55,Alexander City,Alexander City,1,2,0,2,5,66.0,130.0,49.23,35010,AL,38205,38829,40696
Transylvania,324,Pisgah Forest,Brevard Academy,0,0,0,1,1,42.0,242.0,82.64,28768, NC,38964,40066,42070
Wake,339,Raleigh,Casa Esperanza Montessori,0,0,0,1,1,87.0,242.0,64.05,27616, NC,54584,55860,59014
Wake,334,Cary,Cardinal Charter,0,0,0,1,1,32.0,242.0,86.78,27513, NC,54584,55860,59014
Walker,33,Chickamauga,Chickamauga City,1,1,0,1,3,9.0,196.0,95.41,30707,AL,37030,38482,40197
Walker,33,Chickamauga,Chickamauga City,1,1,0,1,3,9.0,196.0,95.41,30707,GA,30929,31704,32826
Washington,140,Greenville,Greenville Public Schools,2,2,0,8,12,109.0,129.0,15.5,38701, MS,34904,35916,37568
Washington,140,Greenville,Greenville Public Schools,2,2,0,8,12,109.0,129.0,15.5,38701, NC,33743,34757,36073
Washington,140,Greenville,Greenville Public Schools,2,2,0,8,12,109.0,129.0,15.5,38701,AL,34371,34882,36323
Washington,140,Greenville,Greenville Public Schools,2,2,0,8,12,109.0,129.0,15.5,38701, TN,40412,41539,43299
Washington,140,Greenville,Greenville Public Schools,2,2,0,8,12,109.0,129.0,15.5,38701,FL,27636,28309,29414
Washington,140,Greenville,Greenville Public Schools,2,2,0,8,12,109.0,129.0,15.5,38701,GA,32836,34386,35296
Washington,140,Greenville,Greenville Public Schools,2,2,0,8,12,109.0,129.0,15.5,38701, LA,31647,32210,33480
Wilkes,325,State Road,Bridges Academy,0,0,1,0,1,151.0,199.0,24.12,28676,GA,37483,38339,39472
Wilkes,325,State Road,Bridges Academy,0,0,1,0,1,151.0,199.0,24.12,28676, NC,34008,35681,36576
Williamson,293,Franklin,Franklin SSD,0,3,0,5,8,7.0,140.0,95.0,37064, TN,92654,91001,94872
Yalobusha,123,Coffeeville,Coffeeville School District,1,0,0,1,2,93.0,129.0,27.91,38922, MS,34366,35020,36729
